<annotation>
	<folder>Tomato_healthy</folder>
	<filename>0a0d6a11-ddd6-4dac-8469-d5f65af5afca___RS_HL 0555.JPG</filename>
	<path>C:\Users\athan\Desktop\images\Tomato_healthy\0a0d6a11-ddd6-4dac-8469-d5f65af5afca___RS_HL 0555.JPG</path>
	<source>
		<database>Unknown</database>
	</source>
	<size>
		<width>256</width>
		<height>256</height>
		<depth>3</depth>
	</size>
	<segmented>0</segmented>
	<object>
		<name>Tomato_healthy</name>
		<pose>Unspecified</pose>
		<truncated>0</truncated>
		<difficult>0</difficult>
		<bndbox>
			<xmin>23</xmin>
			<ymin>8</ymin>
			<xmax>226</xmax>
			<ymax>240</ymax>
		</bndbox>
	</object>
</annotation>
