<annotation>
	<folder>Tomato_healthy</folder>
	<filename>0a86ddc0-4950-4efc-9260-0f16d4db046b___RS_HL 0469.JPG</filename>
	<path>C:\Users\athan\Desktop\images\Tomato_healthy\0a86ddc0-4950-4efc-9260-0f16d4db046b___RS_HL 0469.JPG</path>
	<source>
		<database>Unknown</database>
	</source>
	<size>
		<width>256</width>
		<height>256</height>
		<depth>3</depth>
	</size>
	<segmented>0</segmented>
	<object>
		<name>Tomato_healthy</name>
		<pose>Unspecified</pose>
		<truncated>0</truncated>
		<difficult>0</difficult>
		<bndbox>
			<xmin>57</xmin>
			<ymin>4</ymin>
			<xmax>222</xmax>
			<ymax>248</ymax>
		</bndbox>
	</object>
</annotation>
