<annotation>
	<folder>Tomato_healthy</folder>
	<filename>0b5cfce2-38fd-4984-8926-2d2911c48490___RS_HL 9733.JPG</filename>
	<path>C:\Users\athan\Desktop\images\Tomato_healthy\0b5cfce2-38fd-4984-8926-2d2911c48490___RS_HL 9733.JPG</path>
	<source>
		<database>Unknown</database>
	</source>
	<size>
		<width>256</width>
		<height>256</height>
		<depth>3</depth>
	</size>
	<segmented>0</segmented>
	<object>
		<name>Tomato_healthy</name>
		<pose>Unspecified</pose>
		<truncated>0</truncated>
		<difficult>0</difficult>
		<bndbox>
			<xmin>22</xmin>
			<ymin>6</ymin>
			<xmax>245</xmax>
			<ymax>246</ymax>
		</bndbox>
	</object>
</annotation>
