<annotation>
	<folder>Tomato_healthy</folder>
	<filename>0cb10f98-491d-4e1f-b8ea-4fb0f1b3675f___GH_HL Leaf 333.JPG</filename>
	<path>C:\Users\athan\Desktop\images\Tomato_healthy\0cb10f98-491d-4e1f-b8ea-4fb0f1b3675f___GH_HL Leaf 333.JPG</path>
	<source>
		<database>Unknown</database>
	</source>
	<size>
		<width>256</width>
		<height>256</height>
		<depth>3</depth>
	</size>
	<segmented>0</segmented>
	<object>
		<name>Tomato_healthy</name>
		<pose>Unspecified</pose>
		<truncated>0</truncated>
		<difficult>0</difficult>
		<bndbox>
			<xmin>25</xmin>
			<ymin>14</ymin>
			<xmax>226</xmax>
			<ymax>243</ymax>
		</bndbox>
	</object>
</annotation>
