<annotation>
	<folder>Tomato_Spider_mites_Two_spotted_spider_mite</folder>
	<filename>0a3ec09c-ccf4-49ab-bae2-f82f913aa9c8___Com.G_SpM_FL 9444.JPG</filename>
	<path>C:\Users\athan\Desktop\images\Tomato_Spider_mites_Two_spotted_spider_mite\0a3ec09c-ccf4-49ab-bae2-f82f913aa9c8___Com.G_SpM_FL 9444.JPG</path>
	<source>
		<database>Unknown</database>
	</source>
	<size>
		<width>256</width>
		<height>256</height>
		<depth>3</depth>
	</size>
	<segmented>0</segmented>
	<object>
		<name>Tomato_Spider_mites_Two_spotted_spider_mite</name>
		<pose>Unspecified</pose>
		<truncated>0</truncated>
		<difficult>0</difficult>
		<bndbox>
			<xmin>76</xmin>
			<ymin>25</ymin>
			<xmax>169</xmax>
			<ymax>236</ymax>
		</bndbox>
	</object>
</annotation>
