<annotation>
	<folder>Tomato_Spider_mites_Two_spotted_spider_mite</folder>
	<filename>0b17e71c-fee6-4b5e-9a7d-8ba44d29215f___Com.G_SpM_FL 8549.JPG</filename>
	<path>C:\Users\athan\Desktop\images\Tomato_Spider_mites_Two_spotted_spider_mite\0b17e71c-fee6-4b5e-9a7d-8ba44d29215f___Com.G_SpM_FL 8549.JPG</path>
	<source>
		<database>Unknown</database>
	</source>
	<size>
		<width>256</width>
		<height>256</height>
		<depth>3</depth>
	</size>
	<segmented>0</segmented>
	<object>
		<name>Tomato_Spider_mites_Two_spotted_spider_mite</name>
		<pose>Unspecified</pose>
		<truncated>0</truncated>
		<difficult>0</difficult>
		<bndbox>
			<xmin>21</xmin>
			<ymin>23</ymin>
			<xmax>235</xmax>
			<ymax>244</ymax>
		</bndbox>
	</object>
</annotation>
