<annotation>
	<folder>Tomato_Spider_mites_Two_spotted_spider_mite</folder>
	<filename>0b437fa8-c1c8-45f4-b608-bdc6f7e09f84___Com.G_SpM_FL 1137.JPG</filename>
	<path>C:\Users\athan\Desktop\images\Tomato_Spider_mites_Two_spotted_spider_mite\0b437fa8-c1c8-45f4-b608-bdc6f7e09f84___Com.G_SpM_FL 1137.JPG</path>
	<source>
		<database>Unknown</database>
	</source>
	<size>
		<width>256</width>
		<height>256</height>
		<depth>3</depth>
	</size>
	<segmented>0</segmented>
	<object>
		<name>Tomato_Spider_mites_Two_spotted_spider_mite</name>
		<pose>Unspecified</pose>
		<truncated>0</truncated>
		<difficult>0</difficult>
		<bndbox>
			<xmin>54</xmin>
			<ymin>18</ymin>
			<xmax>189</xmax>
			<ymax>250</ymax>
		</bndbox>
	</object>
</annotation>
