<annotation>
	<folder>Tomato__Tomato_YellowLeaf__Curl_Virus</folder>
	<filename>00a538f3-8421-43ab-9e6f-758d36180dd3___YLCV_NREC 2667.JPG</filename>
	<path>C:\Users\athan\Desktop\images\Tomato__Tomato_YellowLeaf__Curl_Virus\00a538f3-8421-43ab-9e6f-758d36180dd3___YLCV_NREC 2667.JPG</path>
	<source>
		<database>Unknown</database>
	</source>
	<size>
		<width>256</width>
		<height>256</height>
		<depth>3</depth>
	</size>
	<segmented>0</segmented>
	<object>
		<name>Tomato__Tomato_YellowLeaf__Curl_Virus</name>
		<pose>Unspecified</pose>
		<truncated>0</truncated>
		<difficult>0</difficult>
		<bndbox>
			<xmin>41</xmin>
			<ymin>24</ymin>
			<xmax>216</xmax>
			<ymax>241</ymax>
		</bndbox>
	</object>
</annotation>
