<annotation>
	<folder>Tomato__Tomato_YellowLeaf__Curl_Virus</folder>
	<filename>00b41556-fe22-41fb-93aa-76b0c45d923a___UF.GRC_YLCV_Lab 02644.JPG</filename>
	<path>C:\Users\athan\Desktop\images\Tomato__Tomato_YellowLeaf__Curl_Virus\00b41556-fe22-41fb-93aa-76b0c45d923a___UF.GRC_YLCV_Lab 02644.JPG</path>
	<source>
		<database>Unknown</database>
	</source>
	<size>
		<width>256</width>
		<height>256</height>
		<depth>3</depth>
	</size>
	<segmented>0</segmented>
	<object>
		<name>Tomato__Tomato_YellowLeaf__Curl_Virus</name>
		<pose>Unspecified</pose>
		<truncated>0</truncated>
		<difficult>0</difficult>
		<bndbox>
			<xmin>39</xmin>
			<ymin>25</ymin>
			<xmax>226</xmax>
			<ymax>238</ymax>
		</bndbox>
	</object>
</annotation>
