<annotation>
	<folder>Tomato__Tomato_YellowLeaf__Curl_Virus</folder>
	<filename>00b814ee-cfa9-489a-bed3-c1f927bef05a___YLCV_NREC 0220.JPG</filename>
	<path>C:\Users\athan\Desktop\images\Tomato__Tomato_YellowLeaf__Curl_Virus\00b814ee-cfa9-489a-bed3-c1f927bef05a___YLCV_NREC 0220.JPG</path>
	<source>
		<database>Unknown</database>
	</source>
	<size>
		<width>256</width>
		<height>256</height>
		<depth>3</depth>
	</size>
	<segmented>0</segmented>
	<object>
		<name>Tomato__Tomato_YellowLeaf__Curl_Virus</name>
		<pose>Unspecified</pose>
		<truncated>0</truncated>
		<difficult>0</difficult>
		<bndbox>
			<xmin>45</xmin>
			<ymin>35</ymin>
			<xmax>212</xmax>
			<ymax>239</ymax>
		</bndbox>
	</object>
</annotation>
