<annotation>
	<folder>Tomato__Tomato_YellowLeaf__Curl_Virus</folder>
	<filename>00c16232-5beb-41a1-9a05-b18a02f10ca1___YLCV_NREC 2536.JPG</filename>
	<path>C:\Users\athan\Desktop\images\Tomato__Tomato_YellowLeaf__Curl_Virus\00c16232-5beb-41a1-9a05-b18a02f10ca1___YLCV_NREC 2536.JPG</path>
	<source>
		<database>Unknown</database>
	</source>
	<size>
		<width>256</width>
		<height>256</height>
		<depth>3</depth>
	</size>
	<segmented>0</segmented>
	<object>
		<name>Tomato__Tomato_YellowLeaf__Curl_Virus</name>
		<pose>Unspecified</pose>
		<truncated>0</truncated>
		<difficult>0</difficult>
		<bndbox>
			<xmin>27</xmin>
			<ymin>7</ymin>
			<xmax>238</xmax>
			<ymax>233</ymax>
		</bndbox>
	</object>
</annotation>
