<annotation>
	<folder>Tomato__Tomato_YellowLeaf__Curl_Virus</folder>
	<filename>00e8f0db-abfd-4991-b51f-b87ab7e24612___YLCV_GCREC 2519.JPG</filename>
	<path>C:\Users\athan\Desktop\images\Tomato__Tomato_YellowLeaf__Curl_Virus\00e8f0db-abfd-4991-b51f-b87ab7e24612___YLCV_GCREC 2519.JPG</path>
	<source>
		<database>Unknown</database>
	</source>
	<size>
		<width>256</width>
		<height>256</height>
		<depth>3</depth>
	</size>
	<segmented>0</segmented>
	<object>
		<name>Tomato__Tomato_YellowLeaf__Curl_Virus</name>
		<pose>Unspecified</pose>
		<truncated>0</truncated>
		<difficult>0</difficult>
		<bndbox>
			<xmin>32</xmin>
			<ymin>24</ymin>
			<xmax>225</xmax>
			<ymax>231</ymax>
		</bndbox>
	</object>
</annotation>
