<annotation>
	<folder>Tomato__Tomato_YellowLeaf__Curl_Virus</folder>
	<filename>0a14b65b-2e45-4bed-be45-c482a40a4f7c___UF.GRC_YLCV_Lab 02090.JPG</filename>
	<path>C:\Users\athan\Desktop\images\Tomato__Tomato_YellowLeaf__Curl_Virus\0a14b65b-2e45-4bed-be45-c482a40a4f7c___UF.GRC_YLCV_Lab 02090.JPG</path>
	<source>
		<database>Unknown</database>
	</source>
	<size>
		<width>256</width>
		<height>256</height>
		<depth>3</depth>
	</size>
	<segmented>0</segmented>
	<object>
		<name>Tomato__Tomato_YellowLeaf__Curl_Virus</name>
		<pose>Unspecified</pose>
		<truncated>0</truncated>
		<difficult>0</difficult>
		<bndbox>
			<xmin>26</xmin>
			<ymin>17</ymin>
			<xmax>219</xmax>
			<ymax>248</ymax>
		</bndbox>
	</object>
</annotation>
