<annotation>
	<folder>Tomato__Tomato_YellowLeaf__Curl_Virus</folder>
	<filename>0a17e781-b999-4a31-88a0-e914c4ba4a8a___UF.GRC_YLCV_Lab 02214.JPG</filename>
	<path>C:\Users\athan\Desktop\images\Tomato__Tomato_YellowLeaf__Curl_Virus\0a17e781-b999-4a31-88a0-e914c4ba4a8a___UF.GRC_YLCV_Lab 02214.JPG</path>
	<source>
		<database>Unknown</database>
	</source>
	<size>
		<width>256</width>
		<height>256</height>
		<depth>3</depth>
	</size>
	<segmented>0</segmented>
	<object>
		<name>Tomato__Tomato_YellowLeaf__Curl_Virus</name>
		<pose>Unspecified</pose>
		<truncated>0</truncated>
		<difficult>0</difficult>
		<bndbox>
			<xmin>66</xmin>
			<ymin>33</ymin>
			<xmax>208</xmax>
			<ymax>196</ymax>
		</bndbox>
	</object>
</annotation>
