<annotation>
	<folder>Tomato__Tomato_YellowLeaf__Curl_Virus</folder>
	<filename>0a1d1def-462c-46d3-90e6-2a11fcb45a21___UF.GRC_YLCV_Lab 01675.JPG</filename>
	<path>C:\Users\athan\Desktop\images\Tomato__Tomato_YellowLeaf__Curl_Virus\0a1d1def-462c-46d3-90e6-2a11fcb45a21___UF.GRC_YLCV_Lab 01675.JPG</path>
	<source>
		<database>Unknown</database>
	</source>
	<size>
		<width>256</width>
		<height>256</height>
		<depth>3</depth>
	</size>
	<segmented>0</segmented>
	<object>
		<name>Tomato__Tomato_YellowLeaf__Curl_Virus</name>
		<pose>Unspecified</pose>
		<truncated>0</truncated>
		<difficult>0</difficult>
		<bndbox>
			<xmin>31</xmin>
			<ymin>12</ymin>
			<xmax>229</xmax>
			<ymax>253</ymax>
		</bndbox>
	</object>
</annotation>
