<annotation>
	<folder>Tomato__Tomato_YellowLeaf__Curl_Virus</folder>
	<filename>0a1e2ed0-619c-43da-8c47-f8000a252954___UF.GRC_YLCV_Lab 03060.JPG</filename>
	<path>C:\Users\athan\Desktop\images\Tomato__Tomato_YellowLeaf__Curl_Virus\0a1e2ed0-619c-43da-8c47-f8000a252954___UF.GRC_YLCV_Lab 03060.JPG</path>
	<source>
		<database>Unknown</database>
	</source>
	<size>
		<width>256</width>
		<height>256</height>
		<depth>3</depth>
	</size>
	<segmented>0</segmented>
	<object>
		<name>Tomato__Tomato_YellowLeaf__Curl_Virus</name>
		<pose>Unspecified</pose>
		<truncated>0</truncated>
		<difficult>0</difficult>
		<bndbox>
			<xmin>16</xmin>
			<ymin>14</ymin>
			<xmax>227</xmax>
			<ymax>237</ymax>
		</bndbox>
	</object>
</annotation>
