<annotation>
	<folder>Tomato__Tomato_YellowLeaf__Curl_Virus</folder>
	<filename>0a22fcaa-634d-4711-b2a8-777063377543___UF.GRC_YLCV_Lab 03238.JPG</filename>
	<path>C:\Users\athan\Desktop\images\Tomato__Tomato_YellowLeaf__Curl_Virus\0a22fcaa-634d-4711-b2a8-777063377543___UF.GRC_YLCV_Lab 03238.JPG</path>
	<source>
		<database>Unknown</database>
	</source>
	<size>
		<width>256</width>
		<height>256</height>
		<depth>3</depth>
	</size>
	<segmented>0</segmented>
	<object>
		<name>Tomato__Tomato_YellowLeaf__Curl_Virus</name>
		<pose>Unspecified</pose>
		<truncated>0</truncated>
		<difficult>0</difficult>
		<bndbox>
			<xmin>26</xmin>
			<ymin>15</ymin>
			<xmax>220</xmax>
			<ymax>248</ymax>
		</bndbox>
	</object>
</annotation>
