<annotation>
	<folder>Tomato__Tomato_YellowLeaf__Curl_Virus</folder>
	<filename>0a24f0eb-982d-4611-8a0c-088ef1ac8cb5___YLCV_GCREC 5454.JPG</filename>
	<path>C:\Users\athan\Desktop\images\Tomato__Tomato_YellowLeaf__Curl_Virus\0a24f0eb-982d-4611-8a0c-088ef1ac8cb5___YLCV_GCREC 5454.JPG</path>
	<source>
		<database>Unknown</database>
	</source>
	<size>
		<width>256</width>
		<height>256</height>
		<depth>3</depth>
	</size>
	<segmented>0</segmented>
	<object>
		<name>Tomato__Tomato_YellowLeaf__Curl_Virus</name>
		<pose>Unspecified</pose>
		<truncated>0</truncated>
		<difficult>0</difficult>
		<bndbox>
			<xmin>18</xmin>
			<ymin>17</ymin>
			<xmax>229</xmax>
			<ymax>236</ymax>
		</bndbox>
	</object>
</annotation>
