<annotation>
	<folder>Tomato__Tomato_YellowLeaf__Curl_Virus</folder>
	<filename>0a25c782-93a7-4a08-ace0-0ec025cba908___UF.GRC_YLCV_Lab 01945.JPG</filename>
	<path>C:\Users\athan\Desktop\images\Tomato__Tomato_YellowLeaf__Curl_Virus\0a25c782-93a7-4a08-ace0-0ec025cba908___UF.GRC_YLCV_Lab 01945.JPG</path>
	<source>
		<database>Unknown</database>
	</source>
	<size>
		<width>256</width>
		<height>256</height>
		<depth>3</depth>
	</size>
	<segmented>0</segmented>
	<object>
		<name>Tomato__Tomato_YellowLeaf__Curl_Virus</name>
		<pose>Unspecified</pose>
		<truncated>0</truncated>
		<difficult>0</difficult>
		<bndbox>
			<xmin>28</xmin>
			<ymin>20</ymin>
			<xmax>236</xmax>
			<ymax>250</ymax>
		</bndbox>
	</object>
</annotation>
