<annotation>
	<folder>Tomato__Tomato_YellowLeaf__Curl_Virus</folder>
	<filename>0a3d19ca-a126-4ea3-83e3-0abb0e9b02e3___YLCV_GCREC 2449.JPG</filename>
	<path>C:\Users\athan\Desktop\images\Tomato__Tomato_YellowLeaf__Curl_Virus\0a3d19ca-a126-4ea3-83e3-0abb0e9b02e3___YLCV_GCREC 2449.JPG</path>
	<source>
		<database>Unknown</database>
	</source>
	<size>
		<width>256</width>
		<height>256</height>
		<depth>3</depth>
	</size>
	<segmented>0</segmented>
	<object>
		<name>Tomato__Tomato_YellowLeaf__Curl_Virus</name>
		<pose>Unspecified</pose>
		<truncated>0</truncated>
		<difficult>0</difficult>
		<bndbox>
			<xmin>37</xmin>
			<ymin>8</ymin>
			<xmax>224</xmax>
			<ymax>250</ymax>
		</bndbox>
	</object>
</annotation>
