<annotation>
	<folder>Tomato_Leaf_Mold</folder>
	<filename>0a555f63-bf03-4958-8993-e1932b8dce9f___Crnl_L.Mold 9064.JPG</filename>
	<path>C:\Users\athan\Desktop\images\Tomato_Leaf_Mold\0a555f63-bf03-4958-8993-e1932b8dce9f___Crnl_L.Mold 9064.JPG</path>
	<source>
		<database>Unknown</database>
	</source>
	<size>
		<width>256</width>
		<height>256</height>
		<depth>3</depth>
	</size>
	<segmented>0</segmented>
	<object>
		<name>Tomato_Leaf_Mold</name>
		<pose>Unspecified</pose>
		<truncated>0</truncated>
		<difficult>0</difficult>
		<bndbox>
			<xmin>28</xmin>
			<ymin>5</ymin>
			<xmax>236</xmax>
			<ymax>249</ymax>
		</bndbox>
	</object>
</annotation>
