<annotation>
	<folder>Tomato_Leaf_Mold</folder>
	<filename>0ac36661-a47d-47ff-8948-42edec033b87___Crnl_L.Mold 9127.JPG</filename>
	<path>C:\Users\athan\Desktop\images\Tomato_Leaf_Mold\0ac36661-a47d-47ff-8948-42edec033b87___Crnl_L.Mold 9127.JPG</path>
	<source>
		<database>Unknown</database>
	</source>
	<size>
		<width>256</width>
		<height>256</height>
		<depth>3</depth>
	</size>
	<segmented>0</segmented>
	<object>
		<name>Tomato_Leaf_Mold</name>
		<pose>Unspecified</pose>
		<truncated>0</truncated>
		<difficult>0</difficult>
		<bndbox>
			<xmin>29</xmin>
			<ymin>22</ymin>
			<xmax>232</xmax>
			<ymax>232</ymax>
		</bndbox>
	</object>
</annotation>
