<annotation>
	<folder>Tomato_Leaf_Mold</folder>
	<filename>0adab1d4-5696-4cd8-8453-3931b70e856d___Crnl_L.Mold 8689.JPG</filename>
	<path>C:\Users\athan\Desktop\images\Tomato_Leaf_Mold\0adab1d4-5696-4cd8-8453-3931b70e856d___Crnl_L.Mold 8689.JPG</path>
	<source>
		<database>Unknown</database>
	</source>
	<size>
		<width>256</width>
		<height>256</height>
		<depth>3</depth>
	</size>
	<segmented>0</segmented>
	<object>
		<name>Tomato_Leaf_Mold</name>
		<pose>Unspecified</pose>
		<truncated>0</truncated>
		<difficult>0</difficult>
		<bndbox>
			<xmin>6</xmin>
			<ymin>10</ymin>
			<xmax>242</xmax>
			<ymax>248</ymax>
		</bndbox>
	</object>
</annotation>
