<annotation>
	<folder>Tomato_Leaf_Mold</folder>
	<filename>0b3d5bf2-607f-4f95-bdcd-3542b8bd3244___Crnl_L.Mold 6654.JPG</filename>
	<path>C:\Users\athan\Desktop\images\Tomato_Leaf_Mold\0b3d5bf2-607f-4f95-bdcd-3542b8bd3244___Crnl_L.Mold 6654.JPG</path>
	<source>
		<database>Unknown</database>
	</source>
	<size>
		<width>256</width>
		<height>256</height>
		<depth>3</depth>
	</size>
	<segmented>0</segmented>
	<object>
		<name>Tomato_Leaf_Mold</name>
		<pose>Unspecified</pose>
		<truncated>0</truncated>
		<difficult>0</difficult>
		<bndbox>
			<xmin>25</xmin>
			<ymin>12</ymin>
			<xmax>243</xmax>
			<ymax>231</ymax>
		</bndbox>
	</object>
</annotation>
