<annotation>
	<folder>Tomato_Leaf_Mold</folder>
	<filename>0b943ada-01a9-4ce0-a607-e799394856de___Crnl_L.Mold 7008.JPG</filename>
	<path>C:\Users\athan\Desktop\images\Tomato_Leaf_Mold\0b943ada-01a9-4ce0-a607-e799394856de___Crnl_L.Mold 7008.JPG</path>
	<source>
		<database>Unknown</database>
	</source>
	<size>
		<width>256</width>
		<height>256</height>
		<depth>3</depth>
	</size>
	<segmented>0</segmented>
	<object>
		<name>Tomato_Leaf_Mold</name>
		<pose>Unspecified</pose>
		<truncated>0</truncated>
		<difficult>0</difficult>
		<bndbox>
			<xmin>67</xmin>
			<ymin>35</ymin>
			<xmax>203</xmax>
			<ymax>207</ymax>
		</bndbox>
	</object>
</annotation>
