<annotation>
	<folder>Tomato_Leaf_Mold</folder>
	<filename>0ba88812-fa4f-4602-bcec-c03cd7d0ba2b___Crnl_L.Mold 6990.JPG</filename>
	<path>C:\Users\athan\Desktop\images\Tomato_Leaf_Mold\0ba88812-fa4f-4602-bcec-c03cd7d0ba2b___Crnl_L.Mold 6990.JPG</path>
	<source>
		<database>Unknown</database>
	</source>
	<size>
		<width>256</width>
		<height>256</height>
		<depth>3</depth>
	</size>
	<segmented>0</segmented>
	<object>
		<name>Tomato_Leaf_Mold</name>
		<pose>Unspecified</pose>
		<truncated>0</truncated>
		<difficult>0</difficult>
		<bndbox>
			<xmin>47</xmin>
			<ymin>14</ymin>
			<xmax>218</xmax>
			<ymax>210</ymax>
		</bndbox>
	</object>
</annotation>
