<annotation>
	<folder>Tomato_Leaf_Mold</folder>
	<filename>0bae0514-799a-479f-a407-ad763f458916___Crnl_L.Mold 8989.JPG</filename>
	<path>C:\Users\athan\Desktop\images\Tomato_Leaf_Mold\0bae0514-799a-479f-a407-ad763f458916___Crnl_L.Mold 8989.JPG</path>
	<source>
		<database>Unknown</database>
	</source>
	<size>
		<width>256</width>
		<height>256</height>
		<depth>3</depth>
	</size>
	<segmented>0</segmented>
	<object>
		<name>Tomato_Leaf_Mold</name>
		<pose>Unspecified</pose>
		<truncated>0</truncated>
		<difficult>0</difficult>
		<bndbox>
			<xmin>19</xmin>
			<ymin>9</ymin>
			<xmax>231</xmax>
			<ymax>246</ymax>
		</bndbox>
	</object>
</annotation>
