<annotation>
	<folder>Tomato_Leaf_Mold</folder>
	<filename>0bb34c9b-ecf7-4fb1-8ee1-098bccdcdaae___Crnl_L.Mold 6522.JPG</filename>
	<path>C:\Users\athan\Desktop\images\Tomato_Leaf_Mold\0bb34c9b-ecf7-4fb1-8ee1-098bccdcdaae___Crnl_L.Mold 6522.JPG</path>
	<source>
		<database>Unknown</database>
	</source>
	<size>
		<width>256</width>
		<height>256</height>
		<depth>3</depth>
	</size>
	<segmented>0</segmented>
	<object>
		<name>Tomato_Leaf_Mold</name>
		<pose>Unspecified</pose>
		<truncated>0</truncated>
		<difficult>0</difficult>
		<bndbox>
			<xmin>20</xmin>
			<ymin>13</ymin>
			<xmax>242</xmax>
			<ymax>246</ymax>
		</bndbox>
	</object>
</annotation>
