<annotation>
	<folder>Tomato_Leaf_Mold</folder>
	<filename>0db4cbf4-fa94-42c8-8bf5-90114281c569___Crnl_L.Mold 8681.JPG</filename>
	<path>C:\Users\athan\Desktop\images\Tomato_Leaf_Mold\0db4cbf4-fa94-42c8-8bf5-90114281c569___Crnl_L.Mold 8681.JPG</path>
	<source>
		<database>Unknown</database>
	</source>
	<size>
		<width>256</width>
		<height>256</height>
		<depth>3</depth>
	</size>
	<segmented>0</segmented>
	<object>
		<name>Tomato_Leaf_Mold</name>
		<pose>Unspecified</pose>
		<truncated>0</truncated>
		<difficult>0</difficult>
		<bndbox>
			<xmin>12</xmin>
			<ymin>8</ymin>
			<xmax>222</xmax>
			<ymax>236</ymax>
		</bndbox>
	</object>
</annotation>
