<annotation>
	<folder>Tomato_Leaf_Mold</folder>
	<filename>0ddf82ad-9004-4913-ac9c-d00333d7c858___Crnl_L.Mold 7089.JPG</filename>
	<path>C:\Users\athan\Desktop\images\Tomato_Leaf_Mold\0ddf82ad-9004-4913-ac9c-d00333d7c858___Crnl_L.Mold 7089.JPG</path>
	<source>
		<database>Unknown</database>
	</source>
	<size>
		<width>256</width>
		<height>256</height>
		<depth>3</depth>
	</size>
	<segmented>0</segmented>
	<object>
		<name>Tomato_Leaf_Mold</name>
		<pose>Unspecified</pose>
		<truncated>0</truncated>
		<difficult>0</difficult>
		<bndbox>
			<xmin>57</xmin>
			<ymin>9</ymin>
			<xmax>199</xmax>
			<ymax>234</ymax>
		</bndbox>
	</object>
</annotation>
