<annotation>
	<folder>Tomato_Leaf_Mold</folder>
	<filename>0de02a32-f166-4d67-bbb8-689e96d04c44___Crnl_L.Mold 8811.JPG</filename>
	<path>C:\Users\athan\Desktop\images\Tomato_Leaf_Mold\0de02a32-f166-4d67-bbb8-689e96d04c44___Crnl_L.Mold 8811.JPG</path>
	<source>
		<database>Unknown</database>
	</source>
	<size>
		<width>256</width>
		<height>256</height>
		<depth>3</depth>
	</size>
	<segmented>0</segmented>
	<object>
		<name>Tomato_Leaf_Mold</name>
		<pose>Unspecified</pose>
		<truncated>0</truncated>
		<difficult>0</difficult>
		<bndbox>
			<xmin>47</xmin>
			<ymin>11</ymin>
			<xmax>207</xmax>
			<ymax>245</ymax>
		</bndbox>
	</object>
</annotation>
