<annotation>
	<folder>Tomato__Tomato_mosaic_virus</folder>
	<filename>000ec6ea-9063-4c33-8abe-d58ca8a88878___PSU_CG 2169.JPG</filename>
	<path>C:\Users\athan\Desktop\images\Tomato__Tomato_mosaic_virus\000ec6ea-9063-4c33-8abe-d58ca8a88878___PSU_CG 2169.JPG</path>
	<source>
		<database>Unknown</database>
	</source>
	<size>
		<width>256</width>
		<height>256</height>
		<depth>3</depth>
	</size>
	<segmented>0</segmented>
	<object>
		<name>Tomato__Tomato_mosaic_virus</name>
		<pose>Unspecified</pose>
		<truncated>0</truncated>
		<difficult>0</difficult>
		<bndbox>
			<xmin>46</xmin>
			<ymin>41</ymin>
			<xmax>198</xmax>
			<ymax>246</ymax>
		</bndbox>
	</object>
</annotation>
