<annotation>
	<folder>Tomato__Tomato_mosaic_virus</folder>
	<filename>00c07a77-15e6-4815-92d4-8d1e1afb7f3c___PSU_CG 2052.JPG</filename>
	<path>C:\Users\athan\Desktop\images\Tomato__Tomato_mosaic_virus\00c07a77-15e6-4815-92d4-8d1e1afb7f3c___PSU_CG 2052.JPG</path>
	<source>
		<database>Unknown</database>
	</source>
	<size>
		<width>256</width>
		<height>256</height>
		<depth>3</depth>
	</size>
	<segmented>0</segmented>
	<object>
		<name>Tomato__Tomato_mosaic_virus</name>
		<pose>Unspecified</pose>
		<truncated>0</truncated>
		<difficult>0</difficult>
		<bndbox>
			<xmin>59</xmin>
			<ymin>19</ymin>
			<xmax>207</xmax>
			<ymax>236</ymax>
		</bndbox>
	</object>
</annotation>
