<annotation>
	<folder>Tomato__Tomato_mosaic_virus</folder>
	<filename>0a7cc59f-b2b0-4201-9c4a-d91eca5c03a3___PSU_CG 2230.JPG</filename>
	<path>C:\Users\athan\Desktop\images\Tomato__Tomato_mosaic_virus\0a7cc59f-b2b0-4201-9c4a-d91eca5c03a3___PSU_CG 2230.JPG</path>
	<source>
		<database>Unknown</database>
	</source>
	<size>
		<width>256</width>
		<height>256</height>
		<depth>3</depth>
	</size>
	<segmented>0</segmented>
	<object>
		<name>Tomato__Tomato_mosaic_virus</name>
		<pose>Unspecified</pose>
		<truncated>0</truncated>
		<difficult>0</difficult>
		<bndbox>
			<xmin>56</xmin>
			<ymin>32</ymin>
			<xmax>161</xmax>
			<ymax>240</ymax>
		</bndbox>
	</object>
</annotation>
