<annotation>
	<folder>Tomato__Tomato_mosaic_virus</folder>
	<filename>0a91f50b-1263-4b2c-a8c1-f2a6025b82f3___PSU_CG 2136.JPG</filename>
	<path>C:\Users\athan\Desktop\images\Tomato__Tomato_mosaic_virus\0a91f50b-1263-4b2c-a8c1-f2a6025b82f3___PSU_CG 2136.JPG</path>
	<source>
		<database>Unknown</database>
	</source>
	<size>
		<width>256</width>
		<height>256</height>
		<depth>3</depth>
	</size>
	<segmented>0</segmented>
	<object>
		<name>Tomato__Tomato_mosaic_virus</name>
		<pose>Unspecified</pose>
		<truncated>0</truncated>
		<difficult>0</difficult>
		<bndbox>
			<xmin>87</xmin>
			<ymin>36</ymin>
			<xmax>204</xmax>
			<ymax>217</ymax>
		</bndbox>
	</object>
</annotation>
