<annotation>
	<folder>Tomato__Tomato_mosaic_virus</folder>
	<filename>0b5e2269-7b37-43ac-9a96-c62b9bba2383___PSU_CG 2243.JPG</filename>
	<path>C:\Users\athan\Desktop\images\Tomato__Tomato_mosaic_virus\0b5e2269-7b37-43ac-9a96-c62b9bba2383___PSU_CG 2243.JPG</path>
	<source>
		<database>Unknown</database>
	</source>
	<size>
		<width>256</width>
		<height>256</height>
		<depth>3</depth>
	</size>
	<segmented>0</segmented>
	<object>
		<name>Tomato__Tomato_mosaic_virus</name>
		<pose>Unspecified</pose>
		<truncated>0</truncated>
		<difficult>0</difficult>
		<bndbox>
			<xmin>45</xmin>
			<ymin>38</ymin>
			<xmax>234</xmax>
			<ymax>252</ymax>
		</bndbox>
	</object>
</annotation>
