<annotation>
	<folder>Tomato__Tomato_mosaic_virus</folder>
	<filename>0befa341-0db3-49f4-b4fc-beeb05854bff___PSU_CG 2338.JPG</filename>
	<path>C:\Users\athan\Desktop\images\Tomato__Tomato_mosaic_virus\0befa341-0db3-49f4-b4fc-beeb05854bff___PSU_CG 2338.JPG</path>
	<source>
		<database>Unknown</database>
	</source>
	<size>
		<width>256</width>
		<height>256</height>
		<depth>3</depth>
	</size>
	<segmented>0</segmented>
	<object>
		<name>Tomato__Tomato_mosaic_virus</name>
		<pose>Unspecified</pose>
		<truncated>0</truncated>
		<difficult>0</difficult>
		<bndbox>
			<xmin>45</xmin>
			<ymin>33</ymin>
			<xmax>220</xmax>
			<ymax>228</ymax>
		</bndbox>
	</object>
</annotation>
