<annotation>
	<folder>Tomato__Tomato_mosaic_virus</folder>
	<filename>0c676b36-7985-42e8-b550-83e2b1c55535___PSU_CG 2177.JPG</filename>
	<path>C:\Users\athan\Desktop\images\Tomato__Tomato_mosaic_virus\0c676b36-7985-42e8-b550-83e2b1c55535___PSU_CG 2177.JPG</path>
	<source>
		<database>Unknown</database>
	</source>
	<size>
		<width>256</width>
		<height>256</height>
		<depth>3</depth>
	</size>
	<segmented>0</segmented>
	<object>
		<name>Tomato__Tomato_mosaic_virus</name>
		<pose>Unspecified</pose>
		<truncated>0</truncated>
		<difficult>0</difficult>
		<bndbox>
			<xmin>43</xmin>
			<ymin>32</ymin>
			<xmax>229</xmax>
			<ymax>239</ymax>
		</bndbox>
	</object>
</annotation>
