<annotation>
	<folder>Tomato__Tomato_mosaic_virus</folder>
	<filename>0c779116-043c-4715-b080-16be2e8d2552___PSU_CG 2285.JPG</filename>
	<path>C:\Users\athan\Desktop\images\Tomato__Tomato_mosaic_virus\0c779116-043c-4715-b080-16be2e8d2552___PSU_CG 2285.JPG</path>
	<source>
		<database>Unknown</database>
	</source>
	<size>
		<width>256</width>
		<height>256</height>
		<depth>3</depth>
	</size>
	<segmented>0</segmented>
	<object>
		<name>Tomato__Tomato_mosaic_virus</name>
		<pose>Unspecified</pose>
		<truncated>0</truncated>
		<difficult>0</difficult>
		<bndbox>
			<xmin>65</xmin>
			<ymin>4</ymin>
			<xmax>197</xmax>
			<ymax>239</ymax>
		</bndbox>
	</object>
</annotation>
