<annotation>
	<folder>Tomato__Tomato_mosaic_virus</folder>
	<filename>0fcf9c2a-5c8c-4f37-aa43-6fd41d5e5442___PSU_CG 2055.JPG</filename>
	<path>C:\Users\athan\Desktop\images\Tomato__Tomato_mosaic_virus\0fcf9c2a-5c8c-4f37-aa43-6fd41d5e5442___PSU_CG 2055.JPG</path>
	<source>
		<database>Unknown</database>
	</source>
	<size>
		<width>256</width>
		<height>256</height>
		<depth>3</depth>
	</size>
	<segmented>0</segmented>
	<object>
		<name>Tomato__Tomato_mosaic_virus</name>
		<pose>Unspecified</pose>
		<truncated>0</truncated>
		<difficult>0</difficult>
		<bndbox>
			<xmin>49</xmin>
			<ymin>18</ymin>
			<xmax>190</xmax>
			<ymax>235</ymax>
		</bndbox>
	</object>
</annotation>
