<annotation>
	<folder>Tomato__Tomato_mosaic_virus</folder>
	<filename>0fefaaee-79e4-45a6-8606-5a4ab1ea43a2___PSU_CG 2398.JPG</filename>
	<path>C:\Users\athan\Desktop\images\Tomato__Tomato_mosaic_virus\0fefaaee-79e4-45a6-8606-5a4ab1ea43a2___PSU_CG 2398.JPG</path>
	<source>
		<database>Unknown</database>
	</source>
	<size>
		<width>256</width>
		<height>256</height>
		<depth>3</depth>
	</size>
	<segmented>0</segmented>
	<object>
		<name>Tomato__Tomato_mosaic_virus</name>
		<pose>Unspecified</pose>
		<truncated>0</truncated>
		<difficult>0</difficult>
		<bndbox>
			<xmin>68</xmin>
			<ymin>27</ymin>
			<xmax>214</xmax>
			<ymax>244</ymax>
		</bndbox>
	</object>
</annotation>
