<annotation>
	<folder>Tomato__Tomato_mosaic_virus</folder>
	<filename>1ae794c7-287b-4a16-9cff-2fa11545eb00___PSU_CG 2102.JPG</filename>
	<path>C:\Users\athan\Desktop\images\Tomato__Tomato_mosaic_virus\1ae794c7-287b-4a16-9cff-2fa11545eb00___PSU_CG 2102.JPG</path>
	<source>
		<database>Unknown</database>
	</source>
	<size>
		<width>256</width>
		<height>256</height>
		<depth>3</depth>
	</size>
	<segmented>0</segmented>
	<object>
		<name>Tomato__Tomato_mosaic_virus</name>
		<pose>Unspecified</pose>
		<truncated>0</truncated>
		<difficult>0</difficult>
		<bndbox>
			<xmin>58</xmin>
			<ymin>43</ymin>
			<xmax>207</xmax>
			<ymax>238</ymax>
		</bndbox>
	</object>
</annotation>
