<annotation>
	<folder>Tomato_Bacterial_spot</folder>
	<filename>00a7c269-3476-4d25-b744-44d6353cd921___GCREC_Bact.Sp 5807.JPG</filename>
	<path>C:\Users\athan\Desktop\images\Tomato_Bacterial_spot\00a7c269-3476-4d25-b744-44d6353cd921___GCREC_Bact.Sp 5807.JPG</path>
	<source>
		<database>Unknown</database>
	</source>
	<size>
		<width>256</width>
		<height>256</height>
		<depth>3</depth>
	</size>
	<segmented>0</segmented>
	<object>
		<name>Tomato_Bacterial_spot</name>
		<pose>Unspecified</pose>
		<truncated>0</truncated>
		<difficult>0</difficult>
		<bndbox>
			<xmin>32</xmin>
			<ymin>7</ymin>
			<xmax>215</xmax>
			<ymax>254</ymax>
		</bndbox>
	</object>
</annotation>
