<annotation>
	<folder>Tomato_Bacterial_spot</folder>
	<filename>0a22f50a-5f25-4cf6-816b-76cae94b7f30___GCREC_Bact.Sp 6103.JPG</filename>
	<path>C:\Users\athan\Desktop\images\Tomato_Bacterial_spot\0a22f50a-5f25-4cf6-816b-76cae94b7f30___GCREC_Bact.Sp 6103.JPG</path>
	<source>
		<database>Unknown</database>
	</source>
	<size>
		<width>256</width>
		<height>256</height>
		<depth>3</depth>
	</size>
	<segmented>0</segmented>
	<object>
		<name>Tomato_Bacterial_spot</name>
		<pose>Unspecified</pose>
		<truncated>0</truncated>
		<difficult>0</difficult>
		<bndbox>
			<xmin>40</xmin>
			<ymin>14</ymin>
			<xmax>238</xmax>
			<ymax>228</ymax>
		</bndbox>
	</object>
</annotation>
