<annotation>
	<folder>Tomato_Bacterial_spot</folder>
	<filename>0a64655c-4052-4e5f-a696-2a6cf25d10c9___GCREC_Bact.Sp 6017.JPG</filename>
	<path>C:\Users\athan\Desktop\images\Tomato_Bacterial_spot\0a64655c-4052-4e5f-a696-2a6cf25d10c9___GCREC_Bact.Sp 6017.JPG</path>
	<source>
		<database>Unknown</database>
	</source>
	<size>
		<width>256</width>
		<height>256</height>
		<depth>3</depth>
	</size>
	<segmented>0</segmented>
	<object>
		<name>Tomato_Bacterial_spot</name>
		<pose>Unspecified</pose>
		<truncated>0</truncated>
		<difficult>0</difficult>
		<bndbox>
			<xmin>20</xmin>
			<ymin>3</ymin>
			<xmax>238</xmax>
			<ymax>252</ymax>
		</bndbox>
	</object>
</annotation>
