<annotation>
	<folder>Tomato_Bacterial_spot</folder>
	<filename>0a6d40e4-75d6-4659-8bc1-22f47cdb2ca8___GCREC_Bact.Sp 6247.JPG</filename>
	<path>C:\Users\athan\Desktop\images\Tomato_Bacterial_spot\0a6d40e4-75d6-4659-8bc1-22f47cdb2ca8___GCREC_Bact.Sp 6247.JPG</path>
	<source>
		<database>Unknown</database>
	</source>
	<size>
		<width>256</width>
		<height>256</height>
		<depth>3</depth>
	</size>
	<segmented>0</segmented>
	<object>
		<name>Tomato_Bacterial_spot</name>
		<pose>Unspecified</pose>
		<truncated>0</truncated>
		<difficult>0</difficult>
		<bndbox>
			<xmin>29</xmin>
			<ymin>6</ymin>
			<xmax>237</xmax>
			<ymax>239</ymax>
		</bndbox>
	</object>
</annotation>
