<annotation>
	<folder>Tomato_Bacterial_spot</folder>
	<filename>0aa1c431-682b-4a6e-af5f-2a7081ea2e97___GCREC_Bact.Sp 3622.JPG</filename>
	<path>C:\Users\athan\Desktop\images\Tomato_Bacterial_spot\0aa1c431-682b-4a6e-af5f-2a7081ea2e97___GCREC_Bact.Sp 3622.JPG</path>
	<source>
		<database>Unknown</database>
	</source>
	<size>
		<width>256</width>
		<height>256</height>
		<depth>3</depth>
	</size>
	<segmented>0</segmented>
	<object>
		<name>Tomato_Bacterial_spot</name>
		<pose>Unspecified</pose>
		<truncated>0</truncated>
		<difficult>0</difficult>
		<bndbox>
			<xmin>16</xmin>
			<ymin>11</ymin>
			<xmax>221</xmax>
			<ymax>254</ymax>
		</bndbox>
	</object>
</annotation>
