<annotation>
	<folder>Tomato_Bacterial_spot</folder>
	<filename>0ab41c2e-c6fc-4ef1-9ffb-ce1b241d32be___GCREC_Bact.Sp 3426.JPG</filename>
	<path>C:\Users\athan\Desktop\images\Tomato_Bacterial_spot\0ab41c2e-c6fc-4ef1-9ffb-ce1b241d32be___GCREC_Bact.Sp 3426.JPG</path>
	<source>
		<database>Unknown</database>
	</source>
	<size>
		<width>256</width>
		<height>256</height>
		<depth>3</depth>
	</size>
	<segmented>0</segmented>
	<object>
		<name>Tomato_Bacterial_spot</name>
		<pose>Unspecified</pose>
		<truncated>0</truncated>
		<difficult>0</difficult>
		<bndbox>
			<xmin>29</xmin>
			<ymin>6</ymin>
			<xmax>223</xmax>
			<ymax>244</ymax>
		</bndbox>
	</object>
</annotation>
