<annotation>
	<folder>Tomato_Bacterial_spot</folder>
	<filename>0ab54691-ba9f-4c1f-a69b-ec0501df4401___GCREC_Bact.Sp 3170.JPG</filename>
	<path>C:\Users\athan\Desktop\images\Tomato_Bacterial_spot\0ab54691-ba9f-4c1f-a69b-ec0501df4401___GCREC_Bact.Sp 3170.JPG</path>
	<source>
		<database>Unknown</database>
	</source>
	<size>
		<width>256</width>
		<height>256</height>
		<depth>3</depth>
	</size>
	<segmented>0</segmented>
	<object>
		<name>Tomato_Bacterial_spot</name>
		<pose>Unspecified</pose>
		<truncated>0</truncated>
		<difficult>0</difficult>
		<bndbox>
			<xmin>25</xmin>
			<ymin>3</ymin>
			<xmax>239</xmax>
			<ymax>251</ymax>
		</bndbox>
	</object>
</annotation>
