<annotation>
	<folder>Tomato_Bacterial_spot</folder>
	<filename>0ab9c705-f29e-45ac-b786-9549b3c38f16___GCREC_Bact.Sp 3223.JPG</filename>
	<path>C:\Users\athan\Desktop\images\Tomato_Bacterial_spot\0ab9c705-f29e-45ac-b786-9549b3c38f16___GCREC_Bact.Sp 3223.JPG</path>
	<source>
		<database>Unknown</database>
	</source>
	<size>
		<width>256</width>
		<height>256</height>
		<depth>3</depth>
	</size>
	<segmented>0</segmented>
	<object>
		<name>Tomato_Bacterial_spot</name>
		<pose>Unspecified</pose>
		<truncated>0</truncated>
		<difficult>0</difficult>
		<bndbox>
			<xmin>21</xmin>
			<ymin>6</ymin>
			<xmax>222</xmax>
			<ymax>252</ymax>
		</bndbox>
	</object>
</annotation>
