<annotation>
	<folder>Tomato_Bacterial_spot</folder>
	<filename>0b233197-cd35-4031-80c2-610e7e3a046b___GCREC_Bact.Sp 6095.JPG</filename>
	<path>C:\Users\athan\Desktop\images\Tomato_Bacterial_spot\0b233197-cd35-4031-80c2-610e7e3a046b___GCREC_Bact.Sp 6095.JPG</path>
	<source>
		<database>Unknown</database>
	</source>
	<size>
		<width>256</width>
		<height>256</height>
		<depth>3</depth>
	</size>
	<segmented>0</segmented>
	<object>
		<name>Tomato_Bacterial_spot</name>
		<pose>Unspecified</pose>
		<truncated>0</truncated>
		<difficult>0</difficult>
		<bndbox>
			<xmin>18</xmin>
			<ymin>5</ymin>
			<xmax>245</xmax>
			<ymax>247</ymax>
		</bndbox>
	</object>
</annotation>
