<annotation>
	<folder>Tomato_Bacterial_spot</folder>
	<filename>0b37769a-a451-4507-a236-f46348e3a9ac___GCREC_Bact.Sp 3265.JPG</filename>
	<path>C:\Users\athan\Desktop\images\Tomato_Bacterial_spot\0b37769a-a451-4507-a236-f46348e3a9ac___GCREC_Bact.Sp 3265.JPG</path>
	<source>
		<database>Unknown</database>
	</source>
	<size>
		<width>256</width>
		<height>256</height>
		<depth>3</depth>
	</size>
	<segmented>0</segmented>
	<object>
		<name>Tomato_Bacterial_spot</name>
		<pose>Unspecified</pose>
		<truncated>0</truncated>
		<difficult>0</difficult>
		<bndbox>
			<xmin>32</xmin>
			<ymin>15</ymin>
			<xmax>227</xmax>
			<ymax>250</ymax>
		</bndbox>
	</object>
</annotation>
