<annotation>
	<folder>Tomato_Bacterial_spot</folder>
	<filename>0bd31a6a-b084-48c0-b379-3062bde11162___GCREC_Bact.Sp 2974.JPG</filename>
	<path>C:\Users\athan\Desktop\images\Tomato_Bacterial_spot\0bd31a6a-b084-48c0-b379-3062bde11162___GCREC_Bact.Sp 2974.JPG</path>
	<source>
		<database>Unknown</database>
	</source>
	<size>
		<width>256</width>
		<height>256</height>
		<depth>3</depth>
	</size>
	<segmented>0</segmented>
	<object>
		<name>Tomato_Bacterial_spot</name>
		<pose>Unspecified</pose>
		<truncated>0</truncated>
		<difficult>0</difficult>
		<bndbox>
			<xmin>33</xmin>
			<ymin>16</ymin>
			<xmax>241</xmax>
			<ymax>252</ymax>
		</bndbox>
	</object>
</annotation>
