<annotation>
	<folder>Tomato_Septoria_leaf_spot</folder>
	<filename>00f16858-f392-4d9e-ad9f-efab8049a13f___JR_Sept.L.S 8368.JPG</filename>
	<path>C:\Users\athan\Desktop\images\Tomato_Septoria_leaf_spot\00f16858-f392-4d9e-ad9f-efab8049a13f___JR_Sept.L.S 8368.JPG</path>
	<source>
		<database>Unknown</database>
	</source>
	<size>
		<width>256</width>
		<height>256</height>
		<depth>3</depth>
	</size>
	<segmented>0</segmented>
	<object>
		<name>Tomato_Septoria_leaf_spot</name>
		<pose>Unspecified</pose>
		<truncated>0</truncated>
		<difficult>0</difficult>
		<bndbox>
			<xmin>25</xmin>
			<ymin>16</ymin>
			<xmax>237</xmax>
			<ymax>223</ymax>
		</bndbox>
	</object>
</annotation>
