<annotation>
	<folder>Tomato_Septoria_leaf_spot</folder>
	<filename>0a146952-538a-41e5-a422-b5d50e91771e___Matt.S_CG 6079.JPG</filename>
	<path>C:\Users\athan\Desktop\images\Tomato_Septoria_leaf_spot\0a146952-538a-41e5-a422-b5d50e91771e___Matt.S_CG 6079.JPG</path>
	<source>
		<database>Unknown</database>
	</source>
	<size>
		<width>256</width>
		<height>256</height>
		<depth>3</depth>
	</size>
	<segmented>0</segmented>
	<object>
		<name>Tomato_Septoria_leaf_spot</name>
		<pose>Unspecified</pose>
		<truncated>0</truncated>
		<difficult>0</difficult>
		<bndbox>
			<xmin>50</xmin>
			<ymin>11</ymin>
			<xmax>244</xmax>
			<ymax>241</ymax>
		</bndbox>
	</object>
</annotation>
