<annotation>
	<folder>Tomato_Septoria_leaf_spot</folder>
	<filename>0a5edec2-e297-4a25-86fc-78f03772c100___JR_Sept.L.S 8468.JPG</filename>
	<path>C:\Users\athan\Desktop\images\Tomato_Septoria_leaf_spot\0a5edec2-e297-4a25-86fc-78f03772c100___JR_Sept.L.S 8468.JPG</path>
	<source>
		<database>Unknown</database>
	</source>
	<size>
		<width>256</width>
		<height>256</height>
		<depth>3</depth>
	</size>
	<segmented>0</segmented>
	<object>
		<name>Tomato_Septoria_leaf_spot</name>
		<pose>Unspecified</pose>
		<truncated>0</truncated>
		<difficult>0</difficult>
		<bndbox>
			<xmin>42</xmin>
			<ymin>10</ymin>
			<xmax>211</xmax>
			<ymax>253</ymax>
		</bndbox>
	</object>
</annotation>
