<annotation>
	<folder>Tomato_Septoria_leaf_spot</folder>
	<filename>0a68a294-30d1-4422-ab7e-a1909ec277f7___JR_Sept.L.S 8443.JPG</filename>
	<path>C:\Users\athan\Desktop\images\Tomato_Septoria_leaf_spot\0a68a294-30d1-4422-ab7e-a1909ec277f7___JR_Sept.L.S 8443.JPG</path>
	<source>
		<database>Unknown</database>
	</source>
	<size>
		<width>256</width>
		<height>256</height>
		<depth>3</depth>
	</size>
	<segmented>0</segmented>
	<object>
		<name>Tomato_Septoria_leaf_spot</name>
		<pose>Unspecified</pose>
		<truncated>0</truncated>
		<difficult>0</difficult>
		<bndbox>
			<xmin>38</xmin>
			<ymin>12</ymin>
			<xmax>189</xmax>
			<ymax>244</ymax>
		</bndbox>
	</object>
</annotation>
