<annotation>
	<folder>Tomato_Septoria_leaf_spot</folder>
	<filename>0a95b5b7-7bfb-4201-9320-dae33498081a___JR_Sept.L.S 2482.JPG</filename>
	<path>C:\Users\athan\Desktop\images\Tomato_Septoria_leaf_spot\0a95b5b7-7bfb-4201-9320-dae33498081a___JR_Sept.L.S 2482.JPG</path>
	<source>
		<database>Unknown</database>
	</source>
	<size>
		<width>256</width>
		<height>256</height>
		<depth>3</depth>
	</size>
	<segmented>0</segmented>
	<object>
		<name>Tomato_Septoria_leaf_spot</name>
		<pose>Unspecified</pose>
		<truncated>0</truncated>
		<difficult>0</difficult>
		<bndbox>
			<xmin>50</xmin>
			<ymin>7</ymin>
			<xmax>204</xmax>
			<ymax>246</ymax>
		</bndbox>
	</object>
</annotation>
