<annotation>
	<folder>Tomato_Septoria_leaf_spot</folder>
	<filename>0aa486df-97b6-4764-89a9-d193e16aabbb___Keller.St_CG 1931.JPG</filename>
	<path>C:\Users\athan\Desktop\images\Tomato_Septoria_leaf_spot\0aa486df-97b6-4764-89a9-d193e16aabbb___Keller.St_CG 1931.JPG</path>
	<source>
		<database>Unknown</database>
	</source>
	<size>
		<width>256</width>
		<height>256</height>
		<depth>3</depth>
	</size>
	<segmented>0</segmented>
	<object>
		<name>Tomato_Septoria_leaf_spot</name>
		<pose>Unspecified</pose>
		<truncated>0</truncated>
		<difficult>0</difficult>
		<bndbox>
			<xmin>34</xmin>
			<ymin>30</ymin>
			<xmax>205</xmax>
			<ymax>226</ymax>
		</bndbox>
	</object>
</annotation>
