<annotation>
	<folder>Tomato_Septoria_leaf_spot</folder>
	<filename>0bbf4db7-38a1-4d5c-8fd7-503e9f37ef8f___Matt.S_CG 7848.JPG</filename>
	<path>C:\Users\athan\Desktop\images\Tomato_Septoria_leaf_spot\0bbf4db7-38a1-4d5c-8fd7-503e9f37ef8f___Matt.S_CG 7848.JPG</path>
	<source>
		<database>Unknown</database>
	</source>
	<size>
		<width>256</width>
		<height>256</height>
		<depth>3</depth>
	</size>
	<segmented>0</segmented>
	<object>
		<name>Tomato_Septoria_leaf_spot</name>
		<pose>Unspecified</pose>
		<truncated>0</truncated>
		<difficult>0</difficult>
		<bndbox>
			<xmin>23</xmin>
			<ymin>17</ymin>
			<xmax>240</xmax>
			<ymax>236</ymax>
		</bndbox>
	</object>
</annotation>
