<annotation>
	<folder>Tomato_Septoria_leaf_spot</folder>
	<filename>0bcb24a9-bf45-4008-b9df-1c729f977b17___Matt.S_CG 7835.JPG</filename>
	<path>C:\Users\athan\Desktop\images\Tomato_Septoria_leaf_spot\0bcb24a9-bf45-4008-b9df-1c729f977b17___Matt.S_CG 7835.JPG</path>
	<source>
		<database>Unknown</database>
	</source>
	<size>
		<width>256</width>
		<height>256</height>
		<depth>3</depth>
	</size>
	<segmented>0</segmented>
	<object>
		<name>Tomato_Septoria_leaf_spot</name>
		<pose>Unspecified</pose>
		<truncated>0</truncated>
		<difficult>0</difficult>
		<bndbox>
			<xmin>4</xmin>
			<ymin>13</ymin>
			<xmax>242</xmax>
			<ymax>248</ymax>
		</bndbox>
	</object>
</annotation>
