<annotation>
	<folder>Tomato_Septoria_leaf_spot</folder>
	<filename>0c1aa7e5-a820-4fb8-8bc2-623a6056e749___JR_Sept.L.S 2659.JPG</filename>
	<path>C:\Users\athan\Desktop\images\Tomato_Septoria_leaf_spot\0c1aa7e5-a820-4fb8-8bc2-623a6056e749___JR_Sept.L.S 2659.JPG</path>
	<source>
		<database>Unknown</database>
	</source>
	<size>
		<width>256</width>
		<height>256</height>
		<depth>3</depth>
	</size>
	<segmented>0</segmented>
	<object>
		<name>Tomato_Septoria_leaf_spot</name>
		<pose>Unspecified</pose>
		<truncated>0</truncated>
		<difficult>0</difficult>
		<bndbox>
			<xmin>42</xmin>
			<ymin>4</ymin>
			<xmax>226</xmax>
			<ymax>242</ymax>
		</bndbox>
	</object>
</annotation>
