<annotation>
	<folder>Tomato_Septoria_leaf_spot</folder>
	<filename>0c8fd2f4-9c26-4e6d-90b5-fae10602579c___Matt.S_CG 1072.JPG</filename>
	<path>C:\Users\athan\Desktop\images\Tomato_Septoria_leaf_spot\0c8fd2f4-9c26-4e6d-90b5-fae10602579c___Matt.S_CG 1072.JPG</path>
	<source>
		<database>Unknown</database>
	</source>
	<size>
		<width>256</width>
		<height>256</height>
		<depth>3</depth>
	</size>
	<segmented>0</segmented>
	<object>
		<name>Tomato_Septoria_leaf_spot</name>
		<pose>Unspecified</pose>
		<truncated>0</truncated>
		<difficult>0</difficult>
		<bndbox>
			<xmin>25</xmin>
			<ymin>5</ymin>
			<xmax>249</xmax>
			<ymax>246</ymax>
		</bndbox>
	</object>
</annotation>
