<annotation>
	<folder>Tomato_Early_blight</folder>
	<filename>00c5c908-fc25-4710-a109-db143da23112___RS_Erly.B 7778.JPG</filename>
	<path>C:\Users\athan\Desktop\images\Tomato_Early_blight\00c5c908-fc25-4710-a109-db143da23112___RS_Erly.B 7778.JPG</path>
	<source>
		<database>Unknown</database>
	</source>
	<size>
		<width>256</width>
		<height>256</height>
		<depth>3</depth>
	</size>
	<segmented>0</segmented>
	<object>
		<name>Tomato_Early_blight</name>
		<pose>Unspecified</pose>
		<truncated>0</truncated>
		<difficult>0</difficult>
		<bndbox>
			<xmin>31</xmin>
			<ymin>21</ymin>
			<xmax>220</xmax>
			<ymax>238</ymax>
		</bndbox>
	</object>
</annotation>
