<annotation>
	<folder>Tomato_Early_blight</folder>
	<filename>0abc57ec-7f3b-482a-8579-21f3b2fb780b___RS_Erly.B 7609.JPG</filename>
	<path>C:\Users\athan\Desktop\images\Tomato_Early_blight\0abc57ec-7f3b-482a-8579-21f3b2fb780b___RS_Erly.B 7609.JPG</path>
	<source>
		<database>Unknown</database>
	</source>
	<size>
		<width>256</width>
		<height>256</height>
		<depth>3</depth>
	</size>
	<segmented>0</segmented>
	<object>
		<name>Tomato_Early_blight</name>
		<pose>Unspecified</pose>
		<truncated>0</truncated>
		<difficult>0</difficult>
		<bndbox>
			<xmin>20</xmin>
			<ymin>20</ymin>
			<xmax>217</xmax>
			<ymax>229</ymax>
		</bndbox>
	</object>
</annotation>
