<annotation>
	<folder>Tomato_Early_blight</folder>
	<filename>0b494c44-8cd0-4491-bdfd-8a354209c3ae___RS_Erly.B 9561.JPG</filename>
	<path>C:\Users\athan\Desktop\images\Tomato_Early_blight\0b494c44-8cd0-4491-bdfd-8a354209c3ae___RS_Erly.B 9561.JPG</path>
	<source>
		<database>Unknown</database>
	</source>
	<size>
		<width>256</width>
		<height>256</height>
		<depth>3</depth>
	</size>
	<segmented>0</segmented>
	<object>
		<name>Tomato_Early_blight</name>
		<pose>Unspecified</pose>
		<truncated>0</truncated>
		<difficult>0</difficult>
		<bndbox>
			<xmin>17</xmin>
			<ymin>8</ymin>
			<xmax>228</xmax>
			<ymax>251</ymax>
		</bndbox>
	</object>
</annotation>
