<annotation>
	<folder>Tomato_Early_blight</folder>
	<filename>0bd357fe-1e54-4c65-979c-e894e0b8a3aa___RS_Erly.B 8328.JPG</filename>
	<path>C:\Users\athan\Desktop\images\Tomato_Early_blight\0bd357fe-1e54-4c65-979c-e894e0b8a3aa___RS_Erly.B 8328.JPG</path>
	<source>
		<database>Unknown</database>
	</source>
	<size>
		<width>256</width>
		<height>256</height>
		<depth>3</depth>
	</size>
	<segmented>0</segmented>
	<object>
		<name>Tomato_Early_blight</name>
		<pose>Unspecified</pose>
		<truncated>0</truncated>
		<difficult>0</difficult>
		<bndbox>
			<xmin>11</xmin>
			<ymin>3</ymin>
			<xmax>247</xmax>
			<ymax>254</ymax>
		</bndbox>
	</object>
</annotation>
