<annotation>
	<folder>Tomato_Early_blight</folder>
	<filename>0bed4d68-b82c-4e96-bbfe-e0fc10df01aa___RS_Erly.B 8301.JPG</filename>
	<path>C:\Users\athan\Desktop\images\Tomato_Early_blight\0bed4d68-b82c-4e96-bbfe-e0fc10df01aa___RS_Erly.B 8301.JPG</path>
	<source>
		<database>Unknown</database>
	</source>
	<size>
		<width>256</width>
		<height>256</height>
		<depth>3</depth>
	</size>
	<segmented>0</segmented>
	<object>
		<name>Tomato_Early_blight</name>
		<pose>Unspecified</pose>
		<truncated>0</truncated>
		<difficult>0</difficult>
		<bndbox>
			<xmin>56</xmin>
			<ymin>3</ymin>
			<xmax>223</xmax>
			<ymax>247</ymax>
		</bndbox>
	</object>
</annotation>
