<annotation>
	<folder>Tomato_Early_blight</folder>
	<filename>0db67be3-f733-4d15-b7d9-5d075b2cafc7___RS_Erly.B 6401.JPG</filename>
	<path>C:\Users\athan\Desktop\images\Tomato_Early_blight\0db67be3-f733-4d15-b7d9-5d075b2cafc7___RS_Erly.B 6401.JPG</path>
	<source>
		<database>Unknown</database>
	</source>
	<size>
		<width>256</width>
		<height>256</height>
		<depth>3</depth>
	</size>
	<segmented>0</segmented>
	<object>
		<name>Tomato_Early_blight</name>
		<pose>Unspecified</pose>
		<truncated>0</truncated>
		<difficult>0</difficult>
		<bndbox>
			<xmin>50</xmin>
			<ymin>28</ymin>
			<xmax>241</xmax>
			<ymax>201</ymax>
		</bndbox>
	</object>
</annotation>
