<annotation>
	<folder>Tomato_Late_blight</folder>
	<filename>0a39aa48-3f94-4696-9e43-ff4a93529dc3___RS_Late.B 5103.JPG</filename>
	<path>C:\Users\athan\Desktop\images\Tomato_Late_blight\0a39aa48-3f94-4696-9e43-ff4a93529dc3___RS_Late.B 5103.JPG</path>
	<source>
		<database>Unknown</database>
	</source>
	<size>
		<width>256</width>
		<height>256</height>
		<depth>3</depth>
	</size>
	<segmented>0</segmented>
	<object>
		<name>Tomato_Late_blight</name>
		<pose>Unspecified</pose>
		<truncated>0</truncated>
		<difficult>0</difficult>
		<bndbox>
			<xmin>36</xmin>
			<ymin>10</ymin>
			<xmax>235</xmax>
			<ymax>254</ymax>
		</bndbox>
	</object>
</annotation>
