<annotation>
	<folder>Tomato_Late_blight</folder>
	<filename>0a3f65fc-ef1c-4aed-b235-46bae4e5c0e7___GHLB2 Leaf 9065.JPG</filename>
	<path>C:\Users\athan\Desktop\images\Tomato_Late_blight\0a3f65fc-ef1c-4aed-b235-46bae4e5c0e7___GHLB2 Leaf 9065.JPG</path>
	<source>
		<database>Unknown</database>
	</source>
	<size>
		<width>256</width>
		<height>256</height>
		<depth>3</depth>
	</size>
	<segmented>0</segmented>
	<object>
		<name>Tomato_Late_blight</name>
		<pose>Unspecified</pose>
		<truncated>0</truncated>
		<difficult>0</difficult>
		<bndbox>
			<xmin>82</xmin>
			<ymin>35</ymin>
			<xmax>180</xmax>
			<ymax>226</ymax>
		</bndbox>
	</object>
</annotation>
