<annotation>
	<folder>Tomato_Late_blight</folder>
	<filename>0a4b3cde-c83a-4c83-b037-010369738152___RS_Late.B 6985.JPG</filename>
	<path>C:\Users\athan\Desktop\images\Tomato_Late_blight\0a4b3cde-c83a-4c83-b037-010369738152___RS_Late.B 6985.JPG</path>
	<source>
		<database>Unknown</database>
	</source>
	<size>
		<width>256</width>
		<height>256</height>
		<depth>3</depth>
	</size>
	<segmented>0</segmented>
	<object>
		<name>Tomato_Late_blight</name>
		<pose>Unspecified</pose>
		<truncated>0</truncated>
		<difficult>0</difficult>
		<bndbox>
			<xmin>23</xmin>
			<ymin>5</ymin>
			<xmax>239</xmax>
			<ymax>249</ymax>
		</bndbox>
	</object>
</annotation>
