<annotation>
	<folder>Tomato_Late_blight</folder>
	<filename>0a6203b9-ced0-4934-ae23-4a7d2e2e2fdd___RS_Late.B 6424.JPG</filename>
	<path>C:\Users\athan\Desktop\images\Tomato_Late_blight\0a6203b9-ced0-4934-ae23-4a7d2e2e2fdd___RS_Late.B 6424.JPG</path>
	<source>
		<database>Unknown</database>
	</source>
	<size>
		<width>256</width>
		<height>256</height>
		<depth>3</depth>
	</size>
	<segmented>0</segmented>
	<object>
		<name>Tomato_Late_blight</name>
		<pose>Unspecified</pose>
		<truncated>0</truncated>
		<difficult>0</difficult>
		<bndbox>
			<xmin>30</xmin>
			<ymin>18</ymin>
			<xmax>244</xmax>
			<ymax>241</ymax>
		</bndbox>
	</object>
</annotation>
