<annotation>
	<folder>Tomato_Late_blight</folder>
	<filename>0ab1cab4-a0c9-4323-9a64-cdafa4342a9b___GHLB2 Leaf 8918.JPG</filename>
	<path>C:\Users\athan\Desktop\images\Tomato_Late_blight\0ab1cab4-a0c9-4323-9a64-cdafa4342a9b___GHLB2 Leaf 8918.JPG</path>
	<source>
		<database>Unknown</database>
	</source>
	<size>
		<width>256</width>
		<height>256</height>
		<depth>3</depth>
	</size>
	<segmented>0</segmented>
	<object>
		<name>Tomato_Late_blight</name>
		<pose>Unspecified</pose>
		<truncated>0</truncated>
		<difficult>0</difficult>
		<bndbox>
			<xmin>24</xmin>
			<ymin>9</ymin>
			<xmax>165</xmax>
			<ymax>235</ymax>
		</bndbox>
	</object>
</annotation>
