<annotation>
	<folder>Tomato_Late_blight</folder>
	<filename>0ac3df5b-d713-42ef-b0ad-20b5410237ad___RS_Late.B 4969.JPG</filename>
	<path>C:\Users\athan\Desktop\images\Tomato_Late_blight\0ac3df5b-d713-42ef-b0ad-20b5410237ad___RS_Late.B 4969.JPG</path>
	<source>
		<database>Unknown</database>
	</source>
	<size>
		<width>256</width>
		<height>256</height>
		<depth>3</depth>
	</size>
	<segmented>0</segmented>
	<object>
		<name>Tomato_Late_blight</name>
		<pose>Unspecified</pose>
		<truncated>0</truncated>
		<difficult>0</difficult>
		<bndbox>
			<xmin>33</xmin>
			<ymin>6</ymin>
			<xmax>248</xmax>
			<ymax>252</ymax>
		</bndbox>
	</object>
</annotation>
