<annotation>
	<folder>Tomato_Late_blight</folder>
	<filename>0ba7d3d8-5c4c-4365-ba0c-69f61e96a36e___RS_Late.B 5312.JPG</filename>
	<path>C:\Users\athan\Desktop\images\Tomato_Late_blight\0ba7d3d8-5c4c-4365-ba0c-69f61e96a36e___RS_Late.B 5312.JPG</path>
	<source>
		<database>Unknown</database>
	</source>
	<size>
		<width>256</width>
		<height>256</height>
		<depth>3</depth>
	</size>
	<segmented>0</segmented>
	<object>
		<name>Tomato_Late_blight</name>
		<pose>Unspecified</pose>
		<truncated>0</truncated>
		<difficult>0</difficult>
		<bndbox>
			<xmin>5</xmin>
			<ymin>8</ymin>
			<xmax>194</xmax>
			<ymax>199</ymax>
		</bndbox>
	</object>
</annotation>
