<annotation>
	<folder>Tomato_Late_blight</folder>
	<filename>0bb05a47-55a2-4c23-9dd2-3a5abf17c9f4___GHLB Leaf 5 Day 1.JPG</filename>
	<path>C:\Users\athan\Desktop\images\Tomato_Late_blight\0bb05a47-55a2-4c23-9dd2-3a5abf17c9f4___GHLB Leaf 5 Day 1.JPG</path>
	<source>
		<database>Unknown</database>
	</source>
	<size>
		<width>256</width>
		<height>256</height>
		<depth>3</depth>
	</size>
	<segmented>0</segmented>
	<object>
		<name>Tomato_Late_blight</name>
		<pose>Unspecified</pose>
		<truncated>0</truncated>
		<difficult>0</difficult>
		<bndbox>
			<xmin>49</xmin>
			<ymin>3</ymin>
			<xmax>246</xmax>
			<ymax>218</ymax>
		</bndbox>
	</object>
</annotation>
