<annotation>
	<folder>Tomato_Late_blight</folder>
	<filename>0c9ff8e1-b610-43e3-b914-5e9576dd8083___GHLB2 Leaf 107.1.JPG</filename>
	<path>C:\Users\athan\Desktop\images\Tomato_Late_blight\0c9ff8e1-b610-43e3-b914-5e9576dd8083___GHLB2 Leaf 107.1.JPG</path>
	<source>
		<database>Unknown</database>
	</source>
	<size>
		<width>256</width>
		<height>256</height>
		<depth>3</depth>
	</size>
	<segmented>0</segmented>
	<object>
		<name>Tomato_Late_blight</name>
		<pose>Unspecified</pose>
		<truncated>1</truncated>
		<difficult>0</difficult>
		<bndbox>
			<xmin>12</xmin>
			<ymin>1</ymin>
			<xmax>245</xmax>
			<ymax>243</ymax>
		</bndbox>
	</object>
</annotation>
